date;value
06.10.21;81.39
07.10.21;82.34
08.10.21;82.17
11.10.21;83.75
12.10.21;83.53
13.10.21;83.53
14.10.21;83.86
15.10.21;84.67
18.10.21;84.13
19.10.21;85.02
20.10.21;85.76
21.10.21;84.58
22.10.21;85.43
25.10.21;84.85
26.10.21;85.11
27.10.21;84.12
28.10.21;83.40
29.10.21;83.10
01.11.21;84.51
02.11.21;84.42
03.11.21;81.10
04.11.21;80.15
05.11.21;82.43
08.11.21;83.22
09.11.21;84.52
10.11.21;82.91
11.11.21;83.40
12.11.21;82.90
15.11.21;81.94
16.11.21;82.85
17.11.21;80.67
18.11.21;82.45
19.11.21;80.24
22.11.21;80.97
23.11.21;83.43
24.11.21;82.37
25.11.21;82.05
26.11.21;72.37
29.11.21;73.34
30.11.21;70.86
01.12.21;69.53
02.12.21;70.56
03.12.21;70.71
06.12.21;73.38
07.12.21;75.54
08.12.21;75.94
09.12.21;74.10
10.12.21;74.98
13.12.21;74.12
14.12.21;73.37
15.12.21;73.71
16.12.21;74.64
17.12.21;72.97
20.12.21;70.51
21.12.21;72.85
22.12.21;74.69
23.12.21;76.26
24.12.21;75.24
27.12.21;
28.12.21;
29.12.21;78.63
30.12.21;78.61
31.12.21;77.24
03.01.22;78.25
04.01.22;79.39
05.01.22;80.60
06.01.22;81.99
07.01.22;82.28
10.01.22;81.56
11.01.22;84.98
12.01.22;85.83
13.01.22;85.80
14.01.22;87.17
17.01.22;87.82
18.01.22;88.83
19.01.22;89.64
20.01.22;89.75
21.01.22;89.75
24.01.22;87.74
25.01.22;89.49
26.01.22;91.22
27.01.22;90.70
28.01.22;91.47
31.01.22;92.35
01.02.22;90.24
02.02.22;91.43
03.02.22;92.99
04.02.22;96.86
07.02.22;97.28
08.02.22;96.07
09.02.22;94.95
10.02.22;96.37
11.02.22;97.50
14.02.22;101.66
15.02.22;98.43
16.02.22;97.44
17.02.22;95.28
18.02.22;96.18
21.02.22;98.95
22.02.22;98.73
23.02.22;99.29
24.02.22;101.29
25.02.22;98.56
28.02.22;103.08
01.03.22;110.93
02.03.22;118.94
03.03.22;115.36
04.03.22;123.86
07.03.22;129.02
08.03.22;133.18
09.03.22;116.58
10.03.22;114.54
11.03.22;118.11
14.03.22;110.39
15.03.22;105.14
16.03.22;104.61
17.03.22;113.50
18.03.22;114.32
21.03.22;122.29
22.03.22;121.53
23.03.22;127.52
24.03.22;123.98
25.03.22;122.67
28.03.22;114.50
29.03.22;112.79
30.03.22;115.59
31.03.22;107.29
01.04.22;106.13
04.04.22;108.15
05.04.22;106.60
06.04.22;100.81
07.04.22;99.83
08.04.22;101.26
11.04.22;97.92
12.04.22;104.42
13.04.22;108.49
14.04.22;110.83
15.04.22;
18.04.22;
19.04.22;105.49
20.04.22;105.05
21.04.22;107.20
22.04.22;105.15
25.04.22;99.27
26.04.22;102.89
27.04.22;103.30
28.04.22;105.78
29.04.22;108.36
02.05.22;
03.05.22;104.94
04.05.22;110.53
05.05.22;112.11
06.05.22;113.86
09.05.22;106.67
10.05.22;102.61
11.05.22;107.70
12.05.22;108.06
13.05.22;112.12
16.05.22;114.86
17.05.22;112.89
18.05.22;110.04
19.05.22;113.22
20.05.22;113.63
23.05.22;115.13
24.05.22;115.77
25.05.22;116.41
26.05.22;119.81
27.05.22;121.19
30.05.22;123.01
31.05.22;125.53
01.06.22;122.20
02.06.22;
03.06.22;125.68
06.06.22;124.99
07.06.22;126.89
08.06.22;129.20
09.06.22;128.47
10.06.22;127.44
13.06.22;128.44
14.06.22;127.02
15.06.22;124.96
16.06.22;125.78
17.06.22;119.22
20.06.22;118.25
21.06.22;118.51
22.06.22;115.54
23.06.22;114.50
24.06.22;117.36
27.06.22;119.69
28.06.22;122.21
29.06.22;120.80
30.06.22;119.78
01.07.22;119.21
04.07.22;121.80
05.07.22;110.49
06.07.22;108.54
07.07.22;113.40
08.07.22;113.95
11.07.22;114.85
12.07.22;106.98
13.07.22;107.17
14.07.22;107.74
15.07.22;112.26
18.07.22;117.27
19.07.22;114.96
20.07.22;115.86
21.07.22;112.81
22.07.22;106.77
25.07.22;108.23
26.07.22;107.32
27.07.22;109.64
28.07.22;109.68
29.07.22;111.51
01.08.22;106.09
02.08.22;106.51
03.08.22;101.82
04.08.22;97.99
05.08.22;100.31
08.08.22;103.46
09.08.22;103.81
10.08.22;105.06
11.08.22;107.19
12.08.22;103.70
15.08.22;98.25
16.08.22;95.36
17.08.22;97.22
18.08.22;96.35
19.08.22;96.45
22.08.22;95.06
23.08.22;99.49
24.08.22;99.87
25.08.22;98.81
26.08.22;101.13
29.08.22;
30.08.22;99.34
31.08.22;96.55
01.09.22;92.24
02.09.22;93.09
05.09.22;94.22
06.09.22;91.43
07.09.22;86.83
08.09.22;87.99
09.09.22;91.68
12.09.22;93.45
13.09.22;92.04
14.09.22;92.83
15.09.22;89.28
16.09.22;89.43
19.09.22;
20.09.22;89.62
21.09.22;89.86
22.09.22;90.40
23.09.22;84.29
26.09.22;82.55
27.09.22;85.97
28.09.22;89.55
29.09.22;89.41
30.09.22;88.90
03.10.22;90.68
04.10.22;93.74
05.10.22;94.35
06.10.22;95.65
07.10.22;98.88
10.10.22;97.13
11.10.22;95.17
12.10.22;93.44
13.10.22;95.16
14.10.22;92.22
17.10.22;91.04
18.10.22;89.46
19.10.22;91.34
20.10.22;91.52
21.10.22;91.82
24.10.22;91.57
25.10.22;91.76
26.10.22;92.93
27.10.22;94.17
28.10.22;94.64
31.10.22;93.30
01.11.22;95.12
02.11.22;96.07
03.11.22;95.29
04.11.22;99.53
07.11.22;99.87
08.11.22;96.85
09.11.22;93.05
10.11.22;94.25
11.11.22;96.37
14.11.22;93.59
15.11.22;94.30
16.11.22;92.61
17.11.22;91.00
18.11.22;88.93
21.11.22;88.44
22.11.22;88.65
23.11.22;85.90
24.11.22;85.59
25.11.22;83.40
28.11.22;83.50
29.11.22;83.22
30.11.22;85.61
01.12.22;86.28
02.12.22;86.54
05.12.22;83.36
06.12.22;79.92
07.12.22;77.11
08.12.22;76.02
09.12.22;76.37
12.12.22;78.00
13.12.22;80.14
14.12.22;83.33
15.12.22;82.34
16.12.22;80.20
19.12.22;81.66
20.12.22;79.45
21.12.22;80.25
22.12.22;79.58
23.12.22;82.45
26.12.22;
27.12.22;
28.12.22;81.70
29.12.22;80.96
30.12.22;82.82
02.01.23;
03.01.23;80.36
04.01.23;75.31
05.01.23;76.73
06.01.23;76.41
09.01.23;77.50
10.01.23;78.40
11.01.23;81.11
12.01.23;82.59
13.01.23;83.43
16.01.23;82.65
17.01.23;84.38
18.01.23;83.78
19.01.23;85.08
20.01.23;86.96
23.01.23;87.54
24.01.23;85.25
25.01.23;85.08
26.01.23;86.29
27.01.23;85.36
30.01.23;84.90
31.01.23;83.42
01.02.23;81.61
02.02.23;80.57
03.02.23;78.85
06.02.23;80.48
07.02.23;82.92
08.02.23;84.17
09.02.23;83.46
10.02.23;85.46
13.02.23;85.98
14.02.23;84.96
15.02.23;84.11
16.02.23;83.84
17.02.23;81.97
20.02.23;82.79
21.02.23;82.14
22.02.23;79.55
23.02.23;82.08
24.02.23;82.31
27.02.23;81.24
28.02.23;83.21
01.03.23;83.68
02.03.23;84.15
03.03.23;85.74
06.03.23;85.86
07.03.23;83.03
08.03.23;82.10
09.03.23;81.00
10.03.23;82.30
13.03.23;79.67
14.03.23;76.77
15.03.23;74.30
16.03.23;73.12
17.03.23;71.03
20.03.23;72.42
21.03.23;74.78
22.03.23;76.08
23.03.23;74.31
24.03.23;73.63
27.03.23;76.80
28.03.23;78.07
29.03.23;77.51
30.03.23;78.45
31.03.23;79.19
03.04.23;85.81
04.04.23;85.70
05.04.23;85.89
06.04.23;86.56
07.04.23;
10.04.23;
11.04.23;87.32
12.04.23;88.31
13.04.23;86.51
14.04.23;87.31
17.04.23;85.63
18.04.23;85.48
19.04.23;85.34
20.04.23;83.29
21.04.23;83.36
24.04.23;84.23
25.04.23;82.13
26.04.23;79.19
27.04.23;80.11
28.04.23;81.32
01.05.23;
02.05.23;76.71
03.05.23;72.91
04.05.23;73.00
05.05.23;75.85
08.05.23;
09.05.23;77.76
10.05.23;76.70
11.05.23;75.32
12.05.23;74.54
15.05.23;75.46
16.05.23;75.15
17.05.23;76.98
18.05.23;75.75
19.05.23;75.42
22.05.23;75.77
23.05.23;76.66
24.05.23;77.99
25.05.23;75.66
26.05.23;76.33
29.05.23;
30.05.23;73.38
31.05.23;71.98
01.06.23;74.18
02.06.23;76.00
05.06.23;76.61
06.06.23;76.22
07.06.23;76.85
08.06.23;75.88
09.06.23;74.74
12.06.23;71.80
13.06.23;74.24
14.06.23;73.39
15.06.23;75.75
16.06.23;76.76
19.06.23;76.09
20.06.23;75.79
21.06.23;76.92
22.06.23;73.93
23.06.23;73.56
26.06.23;73.86
27.06.23;71.88
28.06.23;73.64
29.06.23;73.86
30.06.23;74.51
03.07.23;74.52
04.07.23;76.23
05.07.23;76.74
06.07.23;76.72
07.07.23;78.77
10.07.23;77.83
11.07.23;79.54
12.07.23;80.35
13.07.23;81.31
14.07.23;79.90
17.07.23;77.80
18.07.23;79.54
19.07.23;79.38
20.07.23;79.62
21.07.23;81.06
24.07.23;82.53
25.07.23;83.46
26.07.23;82.98
27.07.23;84.28
28.07.23;84.49
31.07.23;85.22
01.08.23;85.34
02.08.23;84.01
03.08.23;86.19
04.08.23;87.38
07.08.23;86.47
08.08.23;88.00
09.08.23;89.31
10.08.23;87.44
11.08.23;87.93
14.08.23;87.40
15.08.23;86.28
16.08.23;84.49
17.08.23;85.24
18.08.23;85.92
21.08.23;85.44
22.08.23;84.70
23.08.23;83.94
24.08.23;84.07
25.08.23;85.42
28.08.23;
29.08.23;86.37
30.08.23;86.62
31.08.23;87.29
01.09.23;89.98
04.09.23;90.42
05.09.23;91.25
06.09.23;91.79
07.09.23;91.16
08.09.23;91.85
11.09.23;91.97
12.09.23;93.58
13.09.23;93.04
14.09.23;95.20
15.09.23;95.55
18.09.23;95.95
19.09.23;96.11
20.09.23;94.56
21.09.23;93.70
22.09.23;93.99
25.09.23;94.01
26.09.23;94.46
27.09.23;97.10
28.09.23;96.64
29.09.23;95.86
02.10.23;91.21
03.10.23;94.46
04.10.23;89.83
05.10.23;88.28
06.10.23;87.86
09.10.23;91.37
10.10.23;90.70
11.10.23;87.58
12.10.23;88.40
13.10.23;94.33
16.10.23;90.99
17.10.23;92.52
18.10.23;91.99
19.10.23;93.12
20.10.23;93.72
23.10.23;91.88
24.10.23;88.00
25.10.23;90.14
26.10.23;88.45
27.10.23;90.73
30.10.23;90.73
31.10.23;86.82
01.11.23;86.92
02.11.23;89.02
03.11.23;87.55
06.11.23;87.31
07.11.23;83.43
08.11.23;81.46
09.11.23;81.74
10.11.23;83.66
13.11.23;84.09
14.11.23;84.20
15.11.23;82.40
16.11.23;77.73
17.11.23;81.22
20.11.23;83.25
21.11.23;82.42
22.11.23;81.76
23.11.23;80.85
24.11.23;79.82
27.11.23;79.49
28.11.23;81.66
29.11.23;82.98
30.11.23;81.72
01.12.23;78.72
04.12.23;78.16
05.12.23;77.27
06.12.23;74.33
07.12.23;74.21
08.12.23;75.94
11.12.23;75.75
12.12.23;74.11
13.12.23;74.14
14.12.23;77.05
15.12.23;76.84
18.12.23;78.89
19.12.23;79.82
20.12.23;81.10
21.12.23;80.73
22.12.23;80.23
25.12.23;
26.12.23;
27.12.23;80.97
28.12.23;79.04
29.12.23;77.69
01.01.24;
02.01.24;76.24
03.01.24;77.18
04.01.24;75.79
05.01.24;78.31
08.01.24;75.47
09.01.24;77.97
10.01.24;78.46
11.01.24;80.21
12.01.24;79.89
15.01.24;79.76
16.01.24;80.15
17.01.24;78.88
18.01.24;81.04
19.01.24;80.71
22.01.24;81.70
23.01.24;82.04
24.01.24;82.15
25.01.24;82.33
26.01.24;83.34
29.01.24;83.99
30.01.24;84.14
31.01.24;82.98
01.02.24;82.20
02.02.24;79.54
05.02.24;79.30
06.02.24;80.46
07.02.24;81.18
08.02.24;83.01
09.02.24;83.58
12.02.24;83.88
13.02.24;84.72
14.02.24;84.41
15.02.24;84.33
16.02.24;84.88
19.02.24;85.52
20.02.24;84.78
21.02.24;84.77
22.02.24;85.84
23.02.24;84.18
26.02.24;84.01
27.02.24;83.80
28.02.24;84.08
29.02.24;84.57
01.03.24;84.82
04.03.24;86.58
05.03.24;85.82
06.03.24;86.59
07.03.24;84.88
08.03.24;84.29
11.03.24;83.44
12.03.24;83.66
13.03.24;83.95
14.03.24;86.16
15.03.24;85.39
18.03.24;86.47
19.03.24;87.36
20.03.24;85.77
21.03.24;84.92
22.03.24;84.87
25.03.24;86.18
26.03.24;85.91
27.03.24;84.94
28.03.24;86.17
29.03.24;
01.04.24;
02.04.24;87.63
03.04.24;90.60
04.04.24;90.32
05.04.24;92.81
08.04.24;91.73
09.04.24;92.13
10.04.24;91.57
11.04.24;91.49
12.04.24;93.12
15.04.24;90.84
16.04.24;91.29
17.04.24;89.54
18.04.24;88.34
19.04.24;87.96
22.04.24;87.30
23.04.24;88.29
24.04.24;89.02
25.04.24;88.10
26.04.24;89.95
29.04.24;88.44
30.04.24;88.23
01.05.24;83.55
02.05.24;84.81
03.05.24;83.60
06.05.24;
07.05.24;82.69
08.05.24;82.44
09.05.24;83.27
10.05.24;83.39
13.05.24;83.18
14.05.24;81.00
15.05.24;79.98
16.05.24;81.65
17.05.24;82.24
20.05.24;81.91
21.05.24;81.22
22.05.24;79.90
23.05.24;79.25
24.05.24;78.92
27.05.24;
28.05.24;81.34
29.05.24;81.50
30.05.24;81.42
31.05.24;79.41
03.06.24;76.45
04.06.24;75.33
05.06.24;75.41
06.06.24;77.62
07.06.24;78.12
10.06.24;79.59
11.06.24;80.15
12.06.24;80.52
13.06.24;81.44
14.06.24;81.49
17.06.24;82.45
18.06.24;84.79
19.06.24;85.64
20.06.24;85.92
21.06.24;86.42
24.06.24;86.75
25.06.24;86.81
26.06.24;85.76
27.06.24;87.00
28.06.24;87.26
01.07.24;86.57
02.07.24;88.28
03.07.24;88.25
04.07.24;88.34
05.07.24;88.66
08.07.24;87.15
09.07.24;86.48
10.07.24;86.55
11.07.24;86.49
12.07.24;87.35
15.07.24;86.42
16.07.24;86.60
17.07.24;85.76
18.07.24;86.26
19.07.24;85.19
22.07.24;83.44
23.07.24;82.20
24.07.24;83.01
25.07.24;82.58
26.07.24;81.35
29.07.24;80.94
30.07.24;79.26
31.07.24;81.39
01.08.24;81.37
02.08.24;78.35
05.08.24;77.51
06.08.24;76.62
07.08.24;78.26
08.08.24;80.76
09.08.24;81.07
12.08.24;83.06
13.08.24;82.51
14.08.24;82.15
15.08.24;83.09
16.08.24;81.56
19.08.24;81.09
20.08.24;78.85
21.08.24;78.77
22.08.24;78.80
23.08.24;80.34
26.08.24;
27.08.24;81.51
28.08.24;80.04
29.08.24;81.55
30.08.24;80.20
02.09.24;77.82
03.09.24;76.46
04.09.24;74.67
05.09.24;74.47
06.09.24;72.82
09.09.24;72.37
10.09.24;70.34
11.09.24;70.31
12.09.24;73.81
13.09.24;73.68
16.09.24;73.96
17.09.24;74.55
18.09.24;74.52
19.09.24;75.93
20.09.24;75.96
23.09.24;74.95
24.09.24;75.29
25.09.24;75.40
26.09.24;73.06
27.09.24;71.63
30.09.24;72.35
01.10.24;75.30
02.10.24;74.86
03.10.24;77.57
04.10.24;79.32
07.10.24;81.74
08.10.24;78.19
09.10.24;77.06
10.10.24;79.45
11.10.24;80.27
14.10.24;78.47
15.10.24;73.68
16.10.24;73.65
17.10.24;74.37
18.10.24;72.75
21.10.24;73.29
22.10.24;75.59
23.10.24;74.68
24.10.24;74.27
25.10.24;75.62
28.10.24;71.87
29.10.24;71.09
30.10.24;73.21
31.10.24;73.25
01.11.24;73.63
04.11.24;74.89
05.11.24;76.98
06.11.24;76.52
07.11.24;75.73
08.11.24;74.04
11.11.24;72.19
12.11.24;72.56
13.11.24;72.86
14.11.24;73.39
15.11.24;73.45
18.11.24;74.35
19.11.24;74.32
20.11.24;74.33
21.11.24;75.09
22.11.24;76.10
25.11.24;74.27
26.11.24;74.56
27.11.24;73.91
28.11.24;73.92
29.11.24;74.16
02.12.24;72.81
03.12.24;74.80
04.12.24;74.68
05.12.24;73.78
06.12.24;73.78
09.12.24;73.73
10.12.24;73.64
11.12.24;74.38
12.12.24;73.52
13.12.24;74.89
16.12.24;74.30
17.12.24;73.16
18.12.24;74.57
19.12.24;73.75
20.12.24;73.19
23.12.24;72.12
24.12.24;73.50
25.12.24;
26.12.24;
27.12.24;73.77
30.12.24;74.24
31.12.24;74.58
01.01.25;
02.01.25;76.14
03.01.25;76.72
06.01.25;77.27
07.01.25;77.84
08.01.25;77.37
09.01.25;78.44
10.01.25;79.76
13.01.25;82.69
14.01.25;82.39
15.01.25;83.48
16.01.25;82.39
17.01.25;83.02
20.01.25;81.68
21.01.25;80.57
22.01.25;80.00
23.01.25;78.62
24.01.25;78.71
27.01.25;77.30
28.01.25;78.01
29.01.25;77.02
30.01.25;77.42
31.01.25;77.11
03.02.25;76.49
04.02.25;76.58
05.02.25;74.71
06.02.25;74.54
07.02.25;74.68
10.02.25;76.23
11.02.25;77.65
12.02.25;75.38
13.02.25;75.61
14.02.25;75.19
17.02.25;75.81
18.02.25;76.46
19.02.25;76.34
20.02.25;76.95
21.02.25;74.88
24.02.25;74.89
25.02.25;73.11
26.02.25;73.49
27.02.25;75.01
28.02.25;74.76
03.03.25;72.85
04.03.25;72.31
05.03.25;70.92
06.03.25;71.08
07.03.25;72.49
10.03.25;71.08
11.03.25;71.51
12.03.25;72.36
13.03.25;70.82
14.03.25;71.94
17.03.25;71.93
18.03.25;71.93
19.03.25;71.94
20.03.25;72.61
21.03.25;72.64
24.03.25;73.96
25.03.25;73.78
26.03.25;74.60
27.03.25;74.72
28.03.25;74.69
31.03.25;77.23
01.04.25;77.78
02.04.25;77.27
03.04.25;72.54
04.04.25;68.36
07.04.25;66.13
08.04.25;64.86
09.04.25;67.30
10.04.25;65.37
11.04.25;66.83
14.04.25;67.18
15.04.25;66.58
16.04.25;67.94
17.04.25;69.33
18.04.25;
21.04.25;
22.04.25;68.93
23.04.25;68.26
24.04.25;67.50
25.04.25;66.99
28.04.25;66.13
29.04.25;64.04
30.04.25;63.37
01.05.25;62.37
02.05.25;61.57
05.05.25;
06.05.25;62.37
07.05.25;60.31
08.05.25;62.22
09.05.25;64.26
12.05.25;65.28
13.05.25;66.93
14.05.25;65.91
15.05.25;64.36
16.05.25;65.20
19.05.25;66.25
20.05.25;66.93
21.05.25;65.86
22.05.25;64.87
23.05.25;65.41
26.05.25;
27.05.25;64.32
28.05.25;65.72
29.05.25;64.60
30.05.25;64.32
02.06.25;66.55
03.06.25;67.48
04.06.25;66.69
05.06.25;67.14
06.06.25;68.02
09.06.25;68.73
10.06.25;68.41
11.06.25;71.29
12.06.25;70.84
13.06.25;76.00
16.06.25;75.05
17.06.25;78.70
18.06.25;78.38
19.06.25;80.37
20.06.25;78.73
23.06.25;74.34
24.06.25;69.13
25.06.25;68.40
26.06.25;68.57
27.06.25;69.37
30.06.25;68.15
01.07.25;67.63
02.07.25;70.80
03.07.25;70.42
04.07.25;71.03
07.07.25;71.95
08.07.25;72.50
09.07.25;71.98
10.07.25;70.38
11.07.25;72.06
14.07.25;70.96
15.07.25;70.27
16.07.25;69.67
17.07.25;71.32
18.07.25;71.06
21.07.25;71.92
22.07.25;69.69
23.07.25;69.17
24.07.25;70.42
25.07.25;69.23
28.07.25;70.87
29.07.25;73.21
30.07.25;73.98
31.07.25;73.43
01.08.25;70.55
04.08.25;69.56
05.08.25;69.14
06.08.25;67.97
07.08.25;66.99
08.08.25;67.17
11.08.25;67.36
12.08.25;66.80
13.08.25;66.25
14.08.25;68.12
15.08.25;67.30
18.08.25;68.18
19.08.25;66.62
20.08.25;67.61
21.08.25;68.41
22.08.25;68.29
25.08.25;
26.08.25;66.89
27.08.25;67.75
28.08.25;68.61
29.08.25;67.83
01.09.25;67.09
02.09.25;68.09
03.09.25;67.76
04.09.25;66.41
05.09.25;64.92
08.09.25;65.44
09.09.25;67.97
10.09.25;67.62
11.09.25;67.25
12.09.25;67.87
15.09.25;67.88
16.09.25;69.69
17.09.25;69.19
18.09.25;67.83
19.09.25;67.05
22.09.25;66.87
23.09.25;67.96
24.09.25;69.64
25.09.25;70.48
26.09.25;71.15
29.09.25;69.00
30.09.25;68.52
01.10.25;66.67
02.10.25;65.44
03.10.25;66.13
06.10.25;67.09
07.10.25;67.10
08.10.25;67.42
09.10.25;67.23
10.10.25;64.41
13.10.25;64.15
14.10.25;63.00
15.10.25;62.33
16.10.25;61.08
17.10.25;61.23
20.10.25;60.71
21.10.25;61.00
22.10.25;62.28
23.10.25;66.32
24.10.25;65.80
27.10.25;65.52
28.10.25;64.03
29.10.25;65.01
30.10.25;65.11
31.10.25;65.44
03.11.25;65.79
04.11.25;65.04
05.11.25;63.54
06.11.25;63.41
07.11.25;63.72
10.11.25;63.01
11.11.25;63.86
12.11.25;61.88
13.11.25;62.14
14.11.25;63.45
17.11.25;63.16
18.11.25;64.86
19.11.25;63.78
20.11.25;63.64
21.11.25;62.78
24.11.25;64.83
25.11.25;63.99
26.11.25;64.81
27.11.25;64.18
28.11.25;64.07
01.12.25;64.22
02.12.25;63.37
03.12.25;63.75
04.12.25;64.15
05.12.25;64.42
08.12.25;63.30
09.12.25;62.62
10.12.25;63.12
11.12.25;61.87
12.12.25;62.11
15.12.25;61.55
16.12.25;59.93
17.12.25;60.61
18.12.25;60.69
19.12.25;61.35
22.12.25;62.22
23.12.25;63.70
24.12.25;63.70
25.12.25;
26.12.25;
29.12.25;63.10
30.12.25;62.30
31.12.25;61.35
01.01.26;
02.01.26;61.98
05.01.26;63.00
06.01.26;62.10
07.01.26;61.08
08.01.26;63.34
09.01.26;65.11
12.01.26;65.40
13.01.26;67.58
14.01.26;68.87
15.01.26;66.16
16.01.26;66.97
19.01.26;66.91
20.01.26;67.68
21.01.26;66.72
22.01.26;65.46
23.01.26;68.16
26.01.26;67.70
27.01.26;70.28
28.01.26;70.90
29.01.26;71.00
30.01.26;72.25
02.02.26;67.72
03.02.26;70.01
04.02.26;71.15
05.02.26;69.87
06.02.26;70.45
09.02.26;71.19
10.02.26;71.01
11.02.26;71.52
12.02.26;69.80
13.02.26;69.96
16.02.26;70.81
17.02.26;69.77
18.02.26;71.78
19.02.26;73.17
20.02.26;72.75
23.02.26;71.90
24.02.26;71.21
25.02.26;70.69
26.02.26;71.66
27.02.26;71.32
02.03.26;77.24
03.03.26;83.28
04.03.26;81.56
05.03.26;88.59
06.03.26;95.74
09.03.26;94.35
10.03.26;89.84
11.03.26;90.98
12.03.26;102.38
13.03.26;103.23
16.03.26;101.04
17.03.26;108.39
18.03.26;118.09
19.03.26;111.05
20.03.26;118.42
23.03.26;103.79
24.03.26;108.42
25.03.26;109.14
26.03.26;113.39
27.03.26;121.47
30.03.26;121.88
31.03.26;126.69
01.04.26;119.56
02.04.26;127.61
03.04.26;
06.04.26;
07.04.26;138.21
08.04.26;122.11
09.04.26;119.03
10.04.26;119.07
13.04.26;123.28
14.04.26;118.69
15.04.26;114.93
16.04.26;116.63
17.04.26;98.63
20.04.26;103.40
21.04.26;106.14
22.04.26;113.44
23.04.26;113.25
24.04.26;111.86
27.04.26;113.89
28.04.26;117.62
29.04.26;124.16
30.04.26;124.24
01.05.26;118.26
04.05.26;
05.05.26;114.51
06.05.26;103.70
07.05.26;101.82
08.05.26;103.48
11.05.26;106.11
12.05.26;111.37
13.05.26;110.28
14.05.26;110.91
15.05.26;113.96
18.05.26;116.73
19.05.26;114.64
20.05.26;108.93
21.05.26;105.84
22.05.26;106.90
25.05.26;
26.05.26;102.75
27.05.26;97.11
28.05.26;95.47
29.05.26;92.88
01.06.26;98.29
02.06.26;98.49
03.06.26;101.69
04.06.26;98.98
05.06.26;97.29
08.06.26;97.46
09.06.26;94.15
10.06.26;95.73
11.06.26;92.84
12.06.26;88.64
15.06.26;84.36
16.06.26;80.50
17.06.26;80.33
18.06.26;79.35
19.06.26;80.46
22.06.26;76.49
23.06.26;75.69
24.06.26;72.09
25.06.26;73.74
26.06.26;70.16
29.06.26;71.59
30.06.26;70.46
01.07.26;69.24
02.07.26;68.53
03.07.26;68.68
06.07.26;69.56
07.07.26;71.78
08.07.26;76.50
09.07.26;74.46
10.07.26;74.34
13.07.26;81.62
14.07.26;83.69
15.07.26;83.08
16.07.26;81.23
17.07.26;85.01
20.07.26;86.99
21.07.26;93.85
22.07.26;94.12
23.07.26;105.32
24.07.26;100.31
27.07.26;91.82
28.07.26;85.51
29.07.26;91.95
30.07.26;91.91
31.07.26;96.95
03.08.26;88.90
04.08.26;86.47
05.08.26;86.65
06.08.26;89.65
07.08.26;87.62
10.08.26;92.74
11.08.26;93.26
12.08.26;92.52
13.08.26;92.03
14.08.26;92.02
17.08.26;92.43
18.08.26;95.29
19.08.26;92.37
20.08.26;94.00
21.08.26;96.92
24.08.26;92.71
25.08.26;88.24
26.08.26;87.77
27.08.26;90.18
28.08.26;89.75
31.08.26;
01.09.26;96.02
02.09.26;97.59
03.09.26;100.52
04.09.26;102.24
07.09.26;104.47
08.09.26;106.12
09.09.26;109.51
10.09.26;120.98
11.09.26;118.06
14.09.26;121.25
15.09.26;130.80
16.09.26;127.84
17.09.26;121.18
18.09.26;119.66
21.09.26;116.15
22.09.26;114.89
23.09.26;117.45
24.09.26;120.92
25.09.26;116.01
28.09.26;119.97
29.09.26;113.96
30.09.26;115.91
01.10.26;114.82
02.10.26;135.51
05.10.26;125.51
06.10.26;125.44